day,water_added_L,runoff_L,retained_L,runoff_pct,capacity_pct,temp_C,humidity_pct,plant_used_L
1,1.0,0.54,0.46,53.5,7.7,25.5,65,0.47
2,0.55,0.03,0.52,4.7,8.7,25.2,62,0.53
3,0.6,0.02,0.58,2.5,9.7,25.0,65,0.59
4,0.65,0.05,0.6,7.5,10.0,26.8,62,0.61
5,0.7,0.14,0.56,19.8,9.4,25.8,63,0.57
6,0.7,0.05,0.65,7.8,10.8,25.9,65,0.64
7,0.75,0.09,0.66,12.6,10.9,25.9,64,0.65
8,0.75,0.1,0.65,13.5,10.8,26.3,63,0.65
9,0.8,0.01,0.79,1.6,13.1,25.7,66,0.8
10,0.85,0.04,0.81,4.5,13.5,26.7,66,0.79
11,0.95,0.19,0.76,19.8,12.7,26.7,65,0.77
12,0.95,0.1,0.85,11.0,14.1,26.6,64,0.84
13,1.0,0.19,0.81,19.4,13.4,26.3,64,0.81
14,1.0,0.13,0.87,12.6,14.6,26.0,64,0.88
15,1.0,0.08,0.92,8.1,15.3,26.4,68,0.91
16,1.05,0.08,0.97,7.9,16.1,26.0,68,0.96
17,1.1,0.09,1.01,7.9,16.9,25.5,65,1.02
18,1.2,0.12,1.08,9.9,18.0,25.5,65,1.08
19,1.25,0.15,1.1,11.7,18.4,26.6,67,1.11
20,1.3,0.2,1.1,15.4,18.3,26.1,65,1.1
21,1.3,0.29,1.01,22.4,16.8,25.4,65,1.01
22,1.25,0.13,1.12,10.2,18.7,26.1,66,1.12
23,1.3,0.12,1.18,9.3,19.7,25.5,63,1.17
24,1.35,0.16,1.19,11.6,19.9,26.6,67,1.2
25,1.4,0.24,1.16,17.4,19.3,25.2,62,1.16
26,1.4,0.25,1.15,18.2,19.1,25.2,66,1.14
27,1.35,0.1,1.25,7.6,20.8,26.1,63,1.24
28,1.45,0.2,1.25,13.7,20.8,25.6,65,1.25
29,1.45,0.21,1.24,14.4,20.7,24.4,53,1.24
30,1.45,0.01,1.44,1.0,23.9,25.2,57,1.48
31,1.6,0.2,1.4,12.7,23.3,25.4,53,1.33
32,1.65,0.11,1.54,6.7,25.7,24.4,58,1.54
33,1.75,0.13,1.62,7.7,26.9,25.3,54,1.61
34,1.85,0.25,1.6,13.7,26.6,24.1,54,1.6
35,1.9,0.14,1.76,7.2,29.4,25.7,54,1.76
36,2.05,0.25,1.8,12.1,30.0,24.5,52,1.8
37,2.1,0.28,1.82,13.2,30.4,25.9,55,1.83
38,2.15,0.48,1.67,22.3,27.8,25.4,55,1.68
39,2.05,0.25,1.8,12.4,29.9,25.3,55,1.79
40,2.1,0.32,1.78,15.4,29.6,24.6,55,1.78
41,2.1,0.24,1.86,11.3,31.0,24.0,53,1.87
42,2.15,0.25,1.9,11.4,31.7,24.7,53,1.91
43,2.2,0.14,2.06,6.3,34.4,24.7,57,2.07
44,2.35,0.24,2.11,10.2,35.2,24.5,56,2.12
45,2.45,0.49,1.96,19.9,32.7,24.4,57,1.97
46,2.4,0.21,2.19,8.6,36.5,24.7,54,2.19
47,2.5,0.18,2.32,7.2,38.7,25.8,53,2.33
48,2.65,0.37,2.28,14.0,38.0,24.1,57,2.27
49,2.7,0.29,2.41,10.6,40.2,25.2,57,2.41
50,2.8,0.52,2.28,18.7,37.9,24.2,49,2.27
51,2.75,0.29,2.46,10.5,41.0,24.9,49,2.47
52,2.85,0.4,2.45,14.0,40.8,25.3,48,2.44
53,2.9,0.69,2.21,23.8,36.8,24.5,53,2.2
54,2.75,0.42,2.33,15.4,38.8,24.5,51,2.32
55,2.75,0.54,2.21,19.5,36.9,25.9,52,2.21
56,2.65,0.35,2.3,13.2,38.3,24.2,51,2.3
57,2.65,0.45,2.2,17.0,36.7,24.6,51,2.21
58,2.6,0.21,2.39,8.1,39.8,25.8,53,2.38
59,2.7,0.1,2.6,3.9,43.3,25.2,53,2.59
60,2.9,0.47,2.43,16.3,40.4,24.5,50,2.43
61,2.9,0.54,2.36,18.7,39.3,24.6,53,2.35
62,2.85,0.43,2.42,15.2,40.3,25.9,49,2.42
63,2.85,0.48,2.37,16.7,39.6,25.7,52,2.37
64,2.8,0.42,2.38,15.0,39.7,25.2,51,2.38
65,2.8,0.42,2.38,15.2,39.6,24.1,50,2.37
66,2.8,0.49,2.31,17.6,38.5,24.6,52,2.31
67,2.75,0.25,2.5,9.2,41.6,25.0,52,2.49
68,2.85,0.51,2.34,18.0,38.9,25.6,53,2.33
69,2.8,0.15,2.65,5.4,44.1,25.0,53,2.64
70,3.0,0.55,2.45,18.4,40.8,25.8,47,2.44
71,2.95,0.5,2.45,16.8,40.9,25.8,52,2.46
72,2.9,0.24,2.66,8.4,44.3,24.9,48,2.65
73,3.05,0.4,2.65,13.0,44.2,24.1,53,2.65
74,3.1,0.41,2.69,13.3,44.8,25.7,50,2.69
75,3.15,0.61,2.54,19.2,42.4,24.0,51,2.54
76,3.1,0.54,2.56,17.5,42.6,24.7,48,2.55
77,3.05,0.62,2.43,20.2,40.6,24.8,49,2.44
78,2.95,0.36,2.59,12.2,43.2,24.1,45,2.58
79,3.0,0.47,2.53,15.8,42.1,24.5,43,2.53
80,3.0,0.58,2.42,19.5,40.3,23.8,45,2.41
81,2.9,0.4,2.5,13.6,41.7,24.3,42,2.5
82,2.9,0.79,2.11,27.2,35.2,23.3,47,2.12
83,2.65,0.3,2.35,11.5,39.1,24.7,44,2.35
84,2.7,0.48,2.22,17.8,37.0,24.7,47,2.22
85,2.6,0.35,2.25,13.6,37.4,23.5,43,2.24
86,2.6,0.55,2.05,21.2,34.1,24.4,46,2.04
87,2.5,0.58,1.92,23.3,31.9,24.5,42,1.91
88,2.35,0.31,2.04,13.3,34.0,23.5,47,2.04
89,2.35,0.4,1.95,16.8,32.6,24.7,46,1.96
90,2.3,0.49,1.81,21.2,30.2,24.9,44,1.82
91,2.2,0.41,1.79,18.8,29.8,23.7,43,1.78
